{
  "annualized_return": 843369.9087146365,
  "annualized_volatility": 446610.64147276845,
  "avg_holding_days": 0.8,
  "avg_loss": 0.0,
  "avg_win": 227901.47187068182,
  "calmar_ratio": 843.3699087146365,
  "hit_rate": 1.0,
  "max_drawdown": -1000.0,
  "n_trades": 2,
  "sharpe_ratio": 1.8883784451115908,
  "sortino_ratio": 0.0,
  "total_return": 776435.7889753795,
  "win_loss_ratio": 0.0
}